{
  "globalToggles": {
    "skyFog": "TRUE",
    "terrainFog": "TRUE",
    "thickFog": "TRUE",
    "waterFog": "TRUE",
    "lavaFog": "TRUE",
    "powderSnowFog": "TRUE",
    "blindnessFog": "TRUE",
    "darknessFog": "TRUE"
  },
  "dimensionToggles": {
    "minecraft:overworld": {
      "skyFog": "TRUE",
      "terrainFog": "TRUE",
      "thickFog": "TRUE",
      "waterFog": "TRUE",
      "lavaFog": "TRUE",
      "powderSnowFog": "TRUE",
      "blindnessFog": "TRUE",
      "darknessFog": "TRUE"
    },
    "minecraft:overworld_caves": {
      "skyFog": "TRUE",
      "terrainFog": "TRUE",
      "thickFog": "TRUE",
      "waterFog": "TRUE",
      "lavaFog": "TRUE",
      "powderSnowFog": "TRUE",
      "blindnessFog": "TRUE",
      "darknessFog": "TRUE"
    },
    "minecraft:the_end": {
      "skyFog": "TRUE",
      "terrainFog": "TRUE",
      "thickFog": "TRUE",
      "waterFog": "TRUE",
      "lavaFog": "TRUE",
      "powderSnowFog": "TRUE",
      "blindnessFog": "TRUE",
      "darknessFog": "TRUE"
    },
    "minecraft:the_nether": {
      "skyFog": "FALSE",
      "terrainFog": "FALSE",
      "thickFog": "FALSE",
      "waterFog": "TRUE",
      "lavaFog": "TRUE",
      "powderSnowFog": "TRUE",
      "blindnessFog": "TRUE",
      "darknessFog": "TRUE"
    }
  },
  "biomeToggles": {
    "minecraft:badlands": {
      "skyFog": "DEFAULT",
      "terrainFog": "DEFAULT",
      "thickFog": "DEFAULT",
      "waterFog": "DEFAULT",
      "lavaFog": "DEFAULT",
      "powderSnowFog": "DEFAULT",
      "blindnessFog": "DEFAULT",
      "darknessFog": "DEFAULT"
    },
    "minecraft:bamboo_jungle": {
      "skyFog": "DEFAULT",
      "terrainFog": "DEFAULT",
      "thickFog": "DEFAULT",
      "waterFog": "DEFAULT",
      "lavaFog": "DEFAULT",
      "powderSnowFog": "DEFAULT",
      "blindnessFog": "DEFAULT",
      "darknessFog": "DEFAULT"
    },
    "minecraft:basalt_deltas": {
      "skyFog": "DEFAULT",
      "terrainFog": "DEFAULT",
      "thickFog": "DEFAULT",
      "waterFog": "DEFAULT",
      "lavaFog": "DEFAULT",
      "powderSnowFog": "DEFAULT",
      "blindnessFog": "DEFAULT",
      "darknessFog": "DEFAULT"
    },
    "minecraft:beach": {
      "skyFog": "DEFAULT",
      "terrainFog": "DEFAULT",
      "thickFog": "DEFAULT",
      "waterFog": "DEFAULT",
      "lavaFog": "DEFAULT",
      "powderSnowFog": "DEFAULT",
      "blindnessFog": "DEFAULT",
      "darknessFog": "DEFAULT"
    },
    "minecraft:birch_forest": {
      "skyFog": "DEFAULT",
      "terrainFog": "DEFAULT",
      "thickFog": "DEFAULT",
      "waterFog": "DEFAULT",
      "lavaFog": "DEFAULT",
      "powderSnowFog": "DEFAULT",
      "blindnessFog": "DEFAULT",
      "darknessFog": "DEFAULT"
    },
    "minecraft:cold_ocean": {
      "skyFog": "DEFAULT",
      "terrainFog": "DEFAULT",
      "thickFog": "DEFAULT",
      "waterFog": "DEFAULT",
      "lavaFog": "DEFAULT",
      "powderSnowFog": "DEFAULT",
      "blindnessFog": "DEFAULT",
      "darknessFog": "DEFAULT"
    },
    "minecraft:crimson_forest": {
      "skyFog": "DEFAULT",
      "terrainFog": "DEFAULT",
      "thickFog": "DEFAULT",
      "waterFog": "DEFAULT",
      "lavaFog": "DEFAULT",
      "powderSnowFog": "DEFAULT",
      "blindnessFog": "DEFAULT",
      "darknessFog": "DEFAULT"
    },
    "minecraft:dark_forest": {
      "skyFog": "DEFAULT",
      "terrainFog": "DEFAULT",
      "thickFog": "DEFAULT",
      "waterFog": "DEFAULT",
      "lavaFog": "DEFAULT",
      "powderSnowFog": "DEFAULT",
      "blindnessFog": "DEFAULT",
      "darknessFog": "DEFAULT"
    },
    "minecraft:deep_cold_ocean": {
      "skyFog": "DEFAULT",
      "terrainFog": "DEFAULT",
      "thickFog": "DEFAULT",
      "waterFog": "DEFAULT",
      "lavaFog": "DEFAULT",
      "powderSnowFog": "DEFAULT",
      "blindnessFog": "DEFAULT",
      "darknessFog": "DEFAULT"
    },
    "minecraft:deep_dark": {
      "skyFog": "DEFAULT",
      "terrainFog": "DEFAULT",
      "thickFog": "DEFAULT",
      "waterFog": "DEFAULT",
      "lavaFog": "DEFAULT",
      "powderSnowFog": "DEFAULT",
      "blindnessFog": "DEFAULT",
      "darknessFog": "DEFAULT"
    },
    "minecraft:deep_frozen_ocean": {
      "skyFog": "DEFAULT",
      "terrainFog": "DEFAULT",
      "thickFog": "DEFAULT",
      "waterFog": "DEFAULT",
      "lavaFog": "DEFAULT",
      "powderSnowFog": "DEFAULT",
      "blindnessFog": "DEFAULT",
      "darknessFog": "DEFAULT"
    },
    "minecraft:deep_lukewarm_ocean": {
      "skyFog": "DEFAULT",
      "terrainFog": "DEFAULT",
      "thickFog": "DEFAULT",
      "waterFog": "DEFAULT",
      "lavaFog": "DEFAULT",
      "powderSnowFog": "DEFAULT",
      "blindnessFog": "DEFAULT",
      "darknessFog": "DEFAULT"
    },
    "minecraft:deep_ocean": {
      "skyFog": "DEFAULT",
      "terrainFog": "DEFAULT",
      "thickFog": "DEFAULT",
      "waterFog": "DEFAULT",
      "lavaFog": "DEFAULT",
      "powderSnowFog": "DEFAULT",
      "blindnessFog": "DEFAULT",
      "darknessFog": "DEFAULT"
    },
    "minecraft:desert": {
      "skyFog": "DEFAULT",
      "terrainFog": "DEFAULT",
      "thickFog": "DEFAULT",
      "waterFog": "DEFAULT",
      "lavaFog": "DEFAULT",
      "powderSnowFog": "DEFAULT",
      "blindnessFog": "DEFAULT",
      "darknessFog": "DEFAULT"
    },
    "minecraft:dripstone_caves": {
      "skyFog": "DEFAULT",
      "terrainFog": "DEFAULT",
      "thickFog": "DEFAULT",
      "waterFog": "DEFAULT",
      "lavaFog": "DEFAULT",
      "powderSnowFog": "DEFAULT",
      "blindnessFog": "DEFAULT",
      "darknessFog": "DEFAULT"
    },
    "minecraft:end_barrens": {
      "skyFog": "DEFAULT",
      "terrainFog": "DEFAULT",
      "thickFog": "DEFAULT",
      "waterFog": "DEFAULT",
      "lavaFog": "DEFAULT",
      "powderSnowFog": "DEFAULT",
      "blindnessFog": "DEFAULT",
      "darknessFog": "DEFAULT"
    },
    "minecraft:end_highlands": {
      "skyFog": "DEFAULT",
      "terrainFog": "DEFAULT",
      "thickFog": "DEFAULT",
      "waterFog": "DEFAULT",
      "lavaFog": "DEFAULT",
      "powderSnowFog": "DEFAULT",
      "blindnessFog": "DEFAULT",
      "darknessFog": "DEFAULT"
    },
    "minecraft:end_midlands": {
      "skyFog": "DEFAULT",
      "terrainFog": "DEFAULT",
      "thickFog": "DEFAULT",
      "waterFog": "DEFAULT",
      "lavaFog": "DEFAULT",
      "powderSnowFog": "DEFAULT",
      "blindnessFog": "DEFAULT",
      "darknessFog": "DEFAULT"
    },
    "minecraft:eroded_badlands": {
      "skyFog": "DEFAULT",
      "terrainFog": "DEFAULT",
      "thickFog": "DEFAULT",
      "waterFog": "DEFAULT",
      "lavaFog": "DEFAULT",
      "powderSnowFog": "DEFAULT",
      "blindnessFog": "DEFAULT",
      "darknessFog": "DEFAULT"
    },
    "minecraft:flower_forest": {
      "skyFog": "DEFAULT",
      "terrainFog": "DEFAULT",
      "thickFog": "DEFAULT",
      "waterFog": "DEFAULT",
      "lavaFog": "DEFAULT",
      "powderSnowFog": "DEFAULT",
      "blindnessFog": "DEFAULT",
      "darknessFog": "DEFAULT"
    },
    "minecraft:forest": {
      "skyFog": "DEFAULT",
      "terrainFog": "DEFAULT",
      "thickFog": "DEFAULT",
      "waterFog": "DEFAULT",
      "lavaFog": "DEFAULT",
      "powderSnowFog": "DEFAULT",
      "blindnessFog": "DEFAULT",
      "darknessFog": "DEFAULT"
    },
    "minecraft:frozen_ocean": {
      "skyFog": "DEFAULT",
      "terrainFog": "DEFAULT",
      "thickFog": "DEFAULT",
      "waterFog": "DEFAULT",
      "lavaFog": "DEFAULT",
      "powderSnowFog": "DEFAULT",
      "blindnessFog": "DEFAULT",
      "darknessFog": "DEFAULT"
    },
    "minecraft:frozen_peaks": {
      "skyFog": "DEFAULT",
      "terrainFog": "DEFAULT",
      "thickFog": "DEFAULT",
      "waterFog": "DEFAULT",
      "lavaFog": "DEFAULT",
      "powderSnowFog": "DEFAULT",
      "blindnessFog": "DEFAULT",
      "darknessFog": "DEFAULT"
    },
    "minecraft:frozen_river": {
      "skyFog": "DEFAULT",
      "terrainFog": "DEFAULT",
      "thickFog": "DEFAULT",
      "waterFog": "DEFAULT",
      "lavaFog": "DEFAULT",
      "powderSnowFog": "DEFAULT",
      "blindnessFog": "DEFAULT",
      "darknessFog": "DEFAULT"
    },
    "minecraft:grove": {
      "skyFog": "DEFAULT",
      "terrainFog": "DEFAULT",
      "thickFog": "DEFAULT",
      "waterFog": "DEFAULT",
      "lavaFog": "DEFAULT",
      "powderSnowFog": "DEFAULT",
      "blindnessFog": "DEFAULT",
      "darknessFog": "DEFAULT"
    },
    "minecraft:ice_spikes": {
      "skyFog": "DEFAULT",
      "terrainFog": "DEFAULT",
      "thickFog": "DEFAULT",
      "waterFog": "DEFAULT",
      "lavaFog": "DEFAULT",
      "powderSnowFog": "DEFAULT",
      "blindnessFog": "DEFAULT",
      "darknessFog": "DEFAULT"
    },
    "minecraft:jagged_peaks": {
      "skyFog": "DEFAULT",
      "terrainFog": "DEFAULT",
      "thickFog": "DEFAULT",
      "waterFog": "DEFAULT",
      "lavaFog": "DEFAULT",
      "powderSnowFog": "DEFAULT",
      "blindnessFog": "DEFAULT",
      "darknessFog": "DEFAULT"
    },
    "minecraft:jungle": {
      "skyFog": "DEFAULT",
      "terrainFog": "DEFAULT",
      "thickFog": "DEFAULT",
      "waterFog": "DEFAULT",
      "lavaFog": "DEFAULT",
      "powderSnowFog": "DEFAULT",
      "blindnessFog": "DEFAULT",
      "darknessFog": "DEFAULT"
    },
    "minecraft:lukewarm_ocean": {
      "skyFog": "DEFAULT",
      "terrainFog": "DEFAULT",
      "thickFog": "DEFAULT",
      "waterFog": "DEFAULT",
      "lavaFog": "DEFAULT",
      "powderSnowFog": "DEFAULT",
      "blindnessFog": "DEFAULT",
      "darknessFog": "DEFAULT"
    },
    "minecraft:lush_caves": {
      "skyFog": "DEFAULT",
      "terrainFog": "DEFAULT",
      "thickFog": "DEFAULT",
      "waterFog": "DEFAULT",
      "lavaFog": "DEFAULT",
      "powderSnowFog": "DEFAULT",
      "blindnessFog": "DEFAULT",
      "darknessFog": "DEFAULT"
    },
    "minecraft:mangrove_swamp": {
      "skyFog": "DEFAULT",
      "terrainFog": "DEFAULT",
      "thickFog": "DEFAULT",
      "waterFog": "DEFAULT",
      "lavaFog": "DEFAULT",
      "powderSnowFog": "DEFAULT",
      "blindnessFog": "DEFAULT",
      "darknessFog": "DEFAULT"
    },
    "minecraft:meadow": {
      "skyFog": "DEFAULT",
      "terrainFog": "DEFAULT",
      "thickFog": "DEFAULT",
      "waterFog": "DEFAULT",
      "lavaFog": "DEFAULT",
      "powderSnowFog": "DEFAULT",
      "blindnessFog": "DEFAULT",
      "darknessFog": "DEFAULT"
    },
    "minecraft:mushroom_fields": {
      "skyFog": "DEFAULT",
      "terrainFog": "DEFAULT",
      "thickFog": "DEFAULT",
      "waterFog": "DEFAULT",
      "lavaFog": "DEFAULT",
      "powderSnowFog": "DEFAULT",
      "blindnessFog": "DEFAULT",
      "darknessFog": "DEFAULT"
    },
    "minecraft:nether_wastes": {
      "skyFog": "DEFAULT",
      "terrainFog": "DEFAULT",
      "thickFog": "DEFAULT",
      "waterFog": "DEFAULT",
      "lavaFog": "DEFAULT",
      "powderSnowFog": "DEFAULT",
      "blindnessFog": "DEFAULT",
      "darknessFog": "DEFAULT"
    },
    "minecraft:ocean": {
      "skyFog": "DEFAULT",
      "terrainFog": "DEFAULT",
      "thickFog": "DEFAULT",
      "waterFog": "DEFAULT",
      "lavaFog": "DEFAULT",
      "powderSnowFog": "DEFAULT",
      "blindnessFog": "DEFAULT",
      "darknessFog": "DEFAULT"
    },
    "minecraft:old_growth_birch_forest": {
      "skyFog": "DEFAULT",
      "terrainFog": "DEFAULT",
      "thickFog": "DEFAULT",
      "waterFog": "DEFAULT",
      "lavaFog": "DEFAULT",
      "powderSnowFog": "DEFAULT",
      "blindnessFog": "DEFAULT",
      "darknessFog": "DEFAULT"
    },
    "minecraft:old_growth_pine_taiga": {
      "skyFog": "DEFAULT",
      "terrainFog": "DEFAULT",
      "thickFog": "DEFAULT",
      "waterFog": "DEFAULT",
      "lavaFog": "DEFAULT",
      "powderSnowFog": "DEFAULT",
      "blindnessFog": "DEFAULT",
      "darknessFog": "DEFAULT"
    },
    "minecraft:old_growth_spruce_taiga": {
      "skyFog": "DEFAULT",
      "terrainFog": "DEFAULT",
      "thickFog": "DEFAULT",
      "waterFog": "DEFAULT",
      "lavaFog": "DEFAULT",
      "powderSnowFog": "DEFAULT",
      "blindnessFog": "DEFAULT",
      "darknessFog": "DEFAULT"
    },
    "minecraft:plains": {
      "skyFog": "DEFAULT",
      "terrainFog": "DEFAULT",
      "thickFog": "DEFAULT",
      "waterFog": "DEFAULT",
      "lavaFog": "DEFAULT",
      "powderSnowFog": "DEFAULT",
      "blindnessFog": "DEFAULT",
      "darknessFog": "DEFAULT"
    },
    "minecraft:river": {
      "skyFog": "DEFAULT",
      "terrainFog": "DEFAULT",
      "thickFog": "DEFAULT",
      "waterFog": "DEFAULT",
      "lavaFog": "DEFAULT",
      "powderSnowFog": "DEFAULT",
      "blindnessFog": "DEFAULT",
      "darknessFog": "DEFAULT"
    },
    "minecraft:savanna": {
      "skyFog": "DEFAULT",
      "terrainFog": "DEFAULT",
      "thickFog": "DEFAULT",
      "waterFog": "DEFAULT",
      "lavaFog": "DEFAULT",
      "powderSnowFog": "DEFAULT",
      "blindnessFog": "DEFAULT",
      "darknessFog": "DEFAULT"
    },
    "minecraft:savanna_plateau": {
      "skyFog": "DEFAULT",
      "terrainFog": "DEFAULT",
      "thickFog": "DEFAULT",
      "waterFog": "DEFAULT",
      "lavaFog": "DEFAULT",
      "powderSnowFog": "DEFAULT",
      "blindnessFog": "DEFAULT",
      "darknessFog": "DEFAULT"
    },
    "minecraft:small_end_islands": {
      "skyFog": "DEFAULT",
      "terrainFog": "DEFAULT",
      "thickFog": "DEFAULT",
      "waterFog": "DEFAULT",
      "lavaFog": "DEFAULT",
      "powderSnowFog": "DEFAULT",
      "blindnessFog": "DEFAULT",
      "darknessFog": "DEFAULT"
    },
    "minecraft:snowy_beach": {
      "skyFog": "DEFAULT",
      "terrainFog": "DEFAULT",
      "thickFog": "DEFAULT",
      "waterFog": "DEFAULT",
      "lavaFog": "DEFAULT",
      "powderSnowFog": "DEFAULT",
      "blindnessFog": "DEFAULT",
      "darknessFog": "DEFAULT"
    },
    "minecraft:snowy_plains": {
      "skyFog": "DEFAULT",
      "terrainFog": "DEFAULT",
      "thickFog": "DEFAULT",
      "waterFog": "DEFAULT",
      "lavaFog": "DEFAULT",
      "powderSnowFog": "DEFAULT",
      "blindnessFog": "DEFAULT",
      "darknessFog": "DEFAULT"
    },
    "minecraft:snowy_slopes": {
      "skyFog": "DEFAULT",
      "terrainFog": "DEFAULT",
      "thickFog": "DEFAULT",
      "waterFog": "DEFAULT",
      "lavaFog": "DEFAULT",
      "powderSnowFog": "DEFAULT",
      "blindnessFog": "DEFAULT",
      "darknessFog": "DEFAULT"
    },
    "minecraft:snowy_taiga": {
      "skyFog": "DEFAULT",
      "terrainFog": "DEFAULT",
      "thickFog": "DEFAULT",
      "waterFog": "DEFAULT",
      "lavaFog": "DEFAULT",
      "powderSnowFog": "DEFAULT",
      "blindnessFog": "DEFAULT",
      "darknessFog": "DEFAULT"
    },
    "minecraft:soul_sand_valley": {
      "skyFog": "DEFAULT",
      "terrainFog": "DEFAULT",
      "thickFog": "DEFAULT",
      "waterFog": "DEFAULT",
      "lavaFog": "DEFAULT",
      "powderSnowFog": "DEFAULT",
      "blindnessFog": "DEFAULT",
      "darknessFog": "DEFAULT"
    },
    "minecraft:sparse_jungle": {
      "skyFog": "DEFAULT",
      "terrainFog": "DEFAULT",
      "thickFog": "DEFAULT",
      "waterFog": "DEFAULT",
      "lavaFog": "DEFAULT",
      "powderSnowFog": "DEFAULT",
      "blindnessFog": "DEFAULT",
      "darknessFog": "DEFAULT"
    },
    "minecraft:stony_peaks": {
      "skyFog": "DEFAULT",
      "terrainFog": "DEFAULT",
      "thickFog": "DEFAULT",
      "waterFog": "DEFAULT",
      "lavaFog": "DEFAULT",
      "powderSnowFog": "DEFAULT",
      "blindnessFog": "DEFAULT",
      "darknessFog": "DEFAULT"
    },
    "minecraft:stony_shore": {
      "skyFog": "DEFAULT",
      "terrainFog": "DEFAULT",
      "thickFog": "DEFAULT",
      "waterFog": "DEFAULT",
      "lavaFog": "DEFAULT",
      "powderSnowFog": "DEFAULT",
      "blindnessFog": "DEFAULT",
      "darknessFog": "DEFAULT"
    },
    "minecraft:sunflower_plains": {
      "skyFog": "DEFAULT",
      "terrainFog": "DEFAULT",
      "thickFog": "DEFAULT",
      "waterFog": "DEFAULT",
      "lavaFog": "DEFAULT",
      "powderSnowFog": "DEFAULT",
      "blindnessFog": "DEFAULT",
      "darknessFog": "DEFAULT"
    },
    "minecraft:swamp": {
      "skyFog": "DEFAULT",
      "terrainFog": "DEFAULT",
      "thickFog": "DEFAULT",
      "waterFog": "DEFAULT",
      "lavaFog": "DEFAULT",
      "powderSnowFog": "DEFAULT",
      "blindnessFog": "DEFAULT",
      "darknessFog": "DEFAULT"
    },
    "minecraft:taiga": {
      "skyFog": "DEFAULT",
      "terrainFog": "DEFAULT",
      "thickFog": "DEFAULT",
      "waterFog": "DEFAULT",
      "lavaFog": "DEFAULT",
      "powderSnowFog": "DEFAULT",
      "blindnessFog": "DEFAULT",
      "darknessFog": "DEFAULT"
    },
    "minecraft:the_end": {
      "skyFog": "DEFAULT",
      "terrainFog": "DEFAULT",
      "thickFog": "DEFAULT",
      "waterFog": "DEFAULT",
      "lavaFog": "DEFAULT",
      "powderSnowFog": "DEFAULT",
      "blindnessFog": "DEFAULT",
      "darknessFog": "DEFAULT"
    },
    "minecraft:the_void": {
      "skyFog": "DEFAULT",
      "terrainFog": "DEFAULT",
      "thickFog": "DEFAULT",
      "waterFog": "DEFAULT",
      "lavaFog": "DEFAULT",
      "powderSnowFog": "DEFAULT",
      "blindnessFog": "DEFAULT",
      "darknessFog": "DEFAULT"
    },
    "minecraft:warm_ocean": {
      "skyFog": "DEFAULT",
      "terrainFog": "DEFAULT",
      "thickFog": "DEFAULT",
      "waterFog": "DEFAULT",
      "lavaFog": "DEFAULT",
      "powderSnowFog": "DEFAULT",
      "blindnessFog": "DEFAULT",
      "darknessFog": "DEFAULT"
    },
    "minecraft:warped_forest": {
      "skyFog": "DEFAULT",
      "terrainFog": "DEFAULT",
      "thickFog": "DEFAULT",
      "waterFog": "DEFAULT",
      "lavaFog": "DEFAULT",
      "powderSnowFog": "DEFAULT",
      "blindnessFog": "DEFAULT",
      "darknessFog": "DEFAULT"
    },
    "minecraft:windswept_forest": {
      "skyFog": "DEFAULT",
      "terrainFog": "DEFAULT",
      "thickFog": "DEFAULT",
      "waterFog": "DEFAULT",
      "lavaFog": "DEFAULT",
      "powderSnowFog": "DEFAULT",
      "blindnessFog": "DEFAULT",
      "darknessFog": "DEFAULT"
    },
    "minecraft:windswept_gravelly_hills": {
      "skyFog": "DEFAULT",
      "terrainFog": "DEFAULT",
      "thickFog": "DEFAULT",
      "waterFog": "DEFAULT",
      "lavaFog": "DEFAULT",
      "powderSnowFog": "DEFAULT",
      "blindnessFog": "DEFAULT",
      "darknessFog": "DEFAULT"
    },
    "minecraft:windswept_hills": {
      "skyFog": "DEFAULT",
      "terrainFog": "DEFAULT",
      "thickFog": "DEFAULT",
      "waterFog": "DEFAULT",
      "lavaFog": "DEFAULT",
      "powderSnowFog": "DEFAULT",
      "blindnessFog": "DEFAULT",
      "darknessFog": "DEFAULT"
    },
    "minecraft:windswept_savanna": {
      "skyFog": "DEFAULT",
      "terrainFog": "DEFAULT",
      "thickFog": "DEFAULT",
      "waterFog": "DEFAULT",
      "lavaFog": "DEFAULT",
      "powderSnowFog": "DEFAULT",
      "blindnessFog": "DEFAULT",
      "darknessFog": "DEFAULT"
    },
    "minecraft:wooded_badlands": {
      "skyFog": "DEFAULT",
      "terrainFog": "DEFAULT",
      "thickFog": "DEFAULT",
      "waterFog": "DEFAULT",
      "lavaFog": "DEFAULT",
      "powderSnowFog": "DEFAULT",
      "blindnessFog": "DEFAULT",
      "darknessFog": "DEFAULT"
    }
  }
}